respondent_id,age,gender,education,income_level,trust_in_gov,corruption_perception,corruption_experience,ethnic_group,region,urban_rural,media_access,corruption_risk
1,55,Female,Primary,Middle,4,1,0,Yoruba,North,Rural,2,High
2,67,Female,Secondary,Low,2,2,0,Igbo,South,Rural,3,High
3,64,Male,Secondary,Low,4,3,1,Igbo,North,Urban,3,High
4,57,Female,Secondary,Low,4,3,0,Other,North,Urban,2,Low
5,40,Female,Primary,Middle,5,1,1,Other,East,Urban,5,High
6,45,Male,Primary,High,2,3,1,Hausa,South,Urban,2,High
7,61,Male,Tertiary,Low,4,1,0,Igbo,West,Urban,3,High
8,70,Female,None,Middle,1,1,0,Hausa,South,Urban,3,High
9,43,Female,None,Low,5,2,0,Yoruba,West,Rural,2,High
10,35,Male,Secondary,Middle,4,3,0,Yoruba,West,Urban,4,Low
11,71,Male,None,High,5,4,0,Igbo,North,Rural,4,Low
12,44,Male,Primary,Middle,1,4,0,Hausa,North,Rural,3,Low
13,73,Male,Secondary,Middle,4,3,1,Yoruba,East,Urban,4,High
14,44,Female,Primary,Low,2,1,0,Hausa,East,Rural,3,High
15,61,Male,Primary,Low,4,2,0,Igbo,North,Rural,4,High
16,41,Female,None,Low,2,1,0,Igbo,South,Urban,3,High
17,78,Male,Secondary,Middle,4,1,0,Hausa,West,Rural,2,High
18,37,Male,Tertiary,Low,4,3,0,Hausa,South,Urban,3,Low
19,71,Female,Secondary,Low,2,1,0,Other,North,Rural,3,High
20,44,Female,Secondary,Middle,3,3,1,Other,West,Urban,3,High
21,25,Female,None,Low,3,4,0,Other,East,Urban,4,Low
22,53,Female,None,Middle,4,4,0,Igbo,North,Urban,2,Low
23,48,Male,Secondary,Middle,3,2,1,Other,South,Urban,1,High
24,23,Female,Primary,Low,3,3,1,Hausa,North,Urban,5,High
25,62,Male,Primary,Middle,3,1,0,Yoruba,West,Rural,4,High
26,55,Male,Tertiary,Middle,3,5,1,Igbo,West,Rural,4,High
27,47,Male,Secondary,Low,3,3,0,Yoruba,North,Rural,3,Low
28,40,Female,None,Middle,1,2,0,Yoruba,South,Urban,2,High
29,77,Male,Primary,Low,2,5,1,Hausa,East,Urban,2,High
30,23,Female,Secondary,Middle,3,1,0,Yoruba,East,Rural,4,High
31,20,Female,Secondary,Middle,2,3,0,Other,West,Rural,2,Low
32,60,Male,None,Low,4,1,0,Yoruba,North,Urban,5,High
33,52,Male,Primary,Low,2,1,0,Hausa,East,Rural,4,High
34,54,Female,Secondary,Low,1,4,1,Hausa,East,Urban,2,High
35,18,Female,Primary,High,5,2,0,Yoruba,East,Urban,1,High
36,71,Male,Secondary,Middle,1,2,0,Yoruba,West,Urban,3,High
37,60,Male,Primary,Low,1,3,1,Yoruba,West,Urban,1,High
38,57,Female,None,Low,3,2,0,Hausa,West,Urban,1,High
39,56,Male,Primary,Low,3,3,0,Yoruba,East,Urban,4,Low
40,78,Male,Tertiary,Middle,3,3,1,Igbo,East,Urban,2,High
41,73,Female,Secondary,Middle,4,2,0,Yoruba,South,Rural,5,High
42,35,Female,Primary,Low,1,2,0,Other,East,Rural,3,High
43,42,Male,Primary,Middle,1,2,1,Hausa,East,Rural,2,High
44,39,Female,None,Middle,2,3,0,Yoruba,North,Urban,2,Low
45,53,Female,Primary,Middle,1,1,0,Igbo,South,Rural,4,High
46,55,Male,Secondary,Low,1,3,1,Igbo,South,Urban,3,High
47,21,Female,Secondary,Middle,3,3,0,Igbo,North,Urban,3,Low
48,79,Male,None,Middle,3,4,0,Yoruba,South,Urban,4,Low
49,68,Male,Tertiary,Low,5,2,0,Igbo,West,Urban,3,High
50,69,Male,Tertiary,Low,2,3,0,Igbo,East,Urban,3,Low
51,48,Female,None,Low,5,1,1,Other,West,Urban,4,High
52,68,Male,None,Middle,4,1,0,Other,North,Rural,3,High
53,38,Male,Primary,Middle,5,2,0,Other,West,Rural,5,High
54,41,Female,Primary,Low,3,1,0,Igbo,West,Rural,3,High
55,38,Female,Secondary,Low,3,1,0,Yoruba,South,Urban,4,High
56,71,Male,Secondary,High,2,1,0,Hausa,North,Rural,3,High
57,31,Female,Primary,Middle,2,4,0,Yoruba,West,Urban,3,Low
58,51,Female,Secondary,Low,5,2,0,Hausa,West,Urban,3,High
59,76,Female,Secondary,Low,4,3,0,Hausa,East,Urban,2,Low
60,78,Male,None,Middle,3,1,1,Hausa,North,Urban,3,High
61,39,Male,Primary,High,3,3,1,Yoruba,West,Urban,1,High
62,48,Male,None,Low,1,4,0,Yoruba,North,Rural,2,Low
63,41,Male,Primary,Low,2,1,1,Yoruba,West,Rural,3,High
64,39,Male,Tertiary,Low,4,1,0,Yoruba,West,Urban,4,High
65,58,Male,None,Middle,5,1,1,Other,West,Urban,3,High
66,50,Male,None,Middle,4,2,0,Yoruba,South,Rural,3,High
67,30,Male,Secondary,Low,2,3,0,Igbo,South,Urban,3,Low
68,70,Male,Primary,Low,2,2,0,Hausa,East,Rural,3,High
69,39,Male,Primary,Low,2,2,1,Igbo,East,Urban,4,High
70,65,Female,Tertiary,Low,3,2,0,Hausa,East,Urban,3,High
71,20,Female,Secondary,Low,3,1,0,Yoruba,West,Rural,4,High
72,46,Male,Tertiary,Middle,2,3,0,Hausa,North,Rural,3,Low
73,64,Male,Primary,Middle,2,3,0,Other,North,Urban,3,Low
74,49,Female,None,Middle,3,2,1,Hausa,East,Urban,2,High
75,74,Female,Secondary,Low,3,5,0,Igbo,South,Rural,4,Low
76,37,Male,Secondary,Low,3,2,0,Yoruba,South,Urban,2,High
77,39,Female,None,Middle,3,5,0,Igbo,West,Rural,2,Low
78,64,Female,None,Low,4,3,0,Yoruba,East,Rural,1,Low
79,54,Female,Primary,Low,5,2,0,Hausa,East,Urban,5,High
80,47,Female,Secondary,Low,4,3,0,Igbo,South,Urban,5,Low
81,76,Male,Primary,High,3,5,1,Igbo,East,Rural,3,High
82,78,Male,Primary,Middle,3,1,0,Hausa,East,Urban,1,High
83,37,Female,Secondary,Middle,2,1,0,Yoruba,East,Urban,2,High
84,78,Female,None,Middle,3,2,0,Hausa,North,Urban,3,High
85,39,Female,None,Low,5,3,0,Hausa,North,Urban,3,Low
86,41,Female,Secondary,High,3,1,0,Hausa,East,Urban,4,High
87,75,Male,Secondary,Middle,4,1,0,Hausa,East,Rural,4,High
88,40,Female,Tertiary,High,5,1,0,Hausa,East,Urban,4,High
89,65,Male,Tertiary,High,3,1,0,Other,South,Rural,3,High
90,67,Female,Primary,Low,3,4,0,Yoruba,West,Rural,3,Low
91,44,Female,Secondary,High,5,3,1,Igbo,North,Rural,3,High
92,72,Male,Secondary,Middle,5,2,0,Yoruba,North,Urban,4,High
93,23,Male,None,Middle,4,3,0,Igbo,East,Urban,3,Low
94,75,Male,Primary,Middle,3,3,1,Yoruba,North,Urban,3,High
95,59,Female,None,Low,3,2,0,Yoruba,North,Rural,3,High
96,52,Male,Secondary,Low,2,3,0,Hausa,East,Urban,3,Low
97,49,Female,Secondary,Low,3,4,1,Igbo,East,Rural,3,High
98,79,Female,Tertiary,Low,2,4,0,Igbo,West,Urban,2,Low
99,46,Male,Primary,Low,3,1,0,Yoruba,West,Urban,2,High
100,24,Male,Primary,Low,4,1,1,Igbo,South,Rural,1,High
101,73,Female,Secondary,High,1,1,0,Hausa,South,Urban,3,High
102,67,Female,Primary,High,2,1,1,Igbo,East,Urban,4,High
103,18,Male,Secondary,Middle,5,3,1,Other,South,Rural,3,High
104,68,Female,None,Middle,5,3,0,Other,West,Urban,3,Low
105,64,Female,Tertiary,Low,3,3,0,Other,West,Rural,5,Low
106,60,Female,Tertiary,Low,3,2,0,Yoruba,East,Urban,3,High
107,73,Male,Primary,High,4,2,1,Hausa,North,Rural,1,High
108,18,Male,Tertiary,High,5,3,0,Igbo,South,Urban,2,Low
109,80,Female,Primary,Low,3,3,0,Yoruba,North,Urban,2,Low
110,40,Male,Primary,Middle,2,1,0,Hausa,West,Rural,5,High
111,36,Male,Primary,Low,4,2,0,Hausa,North,Urban,3,High
112,70,Male,Primary,Low,2,1,0,Hausa,North,Rural,1,High
113,53,Female,Primary,Low,3,1,0,Yoruba,North,Urban,2,High
114,52,Male,Tertiary,Low,4,3,0,Yoruba,North,Urban,1,Low
115,22,Male,Secondary,Middle,2,1,0,Yoruba,West,Urban,3,High
116,20,Female,Primary,Middle,4,4,0,Hausa,East,Urban,3,Low
117,33,Male,None,Low,1,2,0,Other,South,Urban,3,High
118,26,Male,Secondary,Low,4,3,0,Hausa,East,Rural,3,Low
119,75,Male,Primary,High,4,2,0,Igbo,East,Rural,2,High
120,28,Female,Secondary,Middle,3,4,0,Yoruba,North,Urban,5,Low
121,22,Female,None,Low,2,2,0,Yoruba,East,Urban,2,High
122,69,Female,None,Low,2,1,0,Igbo,South,Rural,3,High
123,41,Male,Secondary,Low,3,1,0,Igbo,South,Rural,2,High
124,79,Male,Primary,Low,1,1,0,Hausa,East,Urban,3,High
125,51,Male,Secondary,Low,4,1,1,Yoruba,North,Urban,3,High
126,29,Male,Primary,Middle,3,2,0,Igbo,South,Rural,3,High
127,31,Female,None,Middle,3,1,0,Yoruba,West,Urban,2,High
128,68,Female,Secondary,Middle,3,1,0,Yoruba,South,Urban,4,High
129,43,Female,None,Middle,5,2,1,Yoruba,North,Urban,3,High
130,65,Male,Primary,Middle,5,5,1,Igbo,East,Urban,4,High
131,66,Male,Tertiary,Middle,3,2,1,Hausa,East,Urban,4,High
132,43,Female,Secondary,Middle,2,4,1,Yoruba,West,Rural,4,High
133,62,Female,Secondary,Low,3,5,0,Hausa,North,Urban,3,Low
134,63,Female,Tertiary,Low,4,1,0,Yoruba,South,Urban,4,High
135,27,Female,Secondary,Middle,3,2,1,Igbo,East,Urban,2,High
136,59,Male,Secondary,High,3,4,0,Hausa,West,Urban,3,Low
137,58,Female,Secondary,Low,2,5,0,Other,South,Urban,1,Low
138,27,Male,Tertiary,Low,3,1,0,Igbo,South,Urban,4,High
139,76,Male,None,Middle,3,3,0,Igbo,North,Urban,5,Low
140,23,Male,Secondary,Middle,2,4,0,Hausa,East,Rural,5,Low
141,36,Female,Primary,Middle,3,1,1,Igbo,East,Rural,3,High
142,57,Male,Primary,High,5,2,0,Hausa,North,Rural,3,High
143,55,Female,Tertiary,Low,5,3,0,Hausa,South,Urban,5,Low
144,34,Female,None,Middle,3,2,0,Other,North,Urban,5,High
145,25,Male,Tertiary,Low,5,3,0,Yoruba,South,Urban,4,Low
146,80,Male,Primary,Low,2,2,0,Other,South,Urban,2,High
147,70,Female,Secondary,Low,4,3,0,Hausa,North,Urban,5,Low
148,32,Female,Primary,Low,3,1,0,Hausa,East,Urban,3,High
149,19,Male,Primary,Low,2,1,1,Igbo,East,Urban,3,High
150,56,Male,Secondary,Middle,4,1,0,Yoruba,West,Urban,2,High
151,56,Male,Primary,Middle,3,1,0,Igbo,South,Urban,3,High
152,41,Male,Secondary,Middle,3,2,0,Hausa,East,Urban,3,High
153,46,Male,Tertiary,Middle,5,2,0,Yoruba,East,Rural,3,High
154,62,Male,Tertiary,Low,3,3,1,Hausa,West,Rural,3,High
155,70,Female,Tertiary,Low,4,1,0,Yoruba,North,Rural,1,High
156,40,Female,None,Middle,1,5,1,Yoruba,North,Urban,4,High
157,25,Female,Secondary,Low,1,2,1,Yoruba,North,Rural,3,High
158,53,Female,Secondary,Low,4,3,0,Hausa,North,Rural,5,Low
159,74,Male,Primary,Low,3,2,0,Yoruba,North,Urban,4,High
160,63,Female,Secondary,Low,3,5,0,Other,South,Urban,4,Low
161,68,Male,Primary,Middle,5,4,0,Yoruba,South,Urban,4,Low
162,27,Male,Tertiary,Middle,3,1,1,Yoruba,North,Urban,4,High
163,71,Female,Secondary,Low,2,4,0,Hausa,South,Urban,3,Low
164,32,Male,Tertiary,Middle,2,4,1,Igbo,North,Urban,2,High
165,36,Female,Primary,High,4,2,0,Other,East,Rural,2,High
166,37,Female,Secondary,Low,5,2,0,Igbo,West,Rural,3,High
167,24,Male,None,Middle,3,1,1,Other,West,Urban,3,High
168,28,Female,Secondary,High,4,1,0,Igbo,East,Urban,4,High
169,80,Female,Secondary,High,2,4,0,Other,North,Rural,4,Low
170,36,Male,Tertiary,Low,4,1,0,Hausa,North,Urban,3,High
171,21,Female,Secondary,Low,4,2,0,Igbo,West,Urban,3,High
172,66,Male,None,Middle,3,4,0,Yoruba,West,Urban,5,Low
173,26,Male,Tertiary,Low,4,3,1,Hausa,South,Rural,3,High
174,61,Female,Primary,Middle,5,1,0,Hausa,North,Rural,3,High
175,73,Female,Primary,Low,5,3,0,Yoruba,South,Urban,2,Low
176,72,Female,Secondary,Low,5,1,1,Yoruba,North,Urban,4,High
177,75,Female,Secondary,Middle,5,5,0,Yoruba,South,Urban,2,Low
178,61,Male,None,Middle,4,1,0,Yoruba,East,Rural,3,High
179,43,Female,Primary,Low,5,1,1,Hausa,North,Urban,5,High
180,39,Female,Secondary,Low,2,4,0,Yoruba,North,Urban,5,Low
181,66,Female,Secondary,High,2,2,1,Igbo,West,Rural,3,High
182,68,Female,None,Middle,3,2,1,Igbo,West,Urban,3,High
183,34,Male,Primary,Middle,4,1,1,Igbo,North,Urban,2,High
184,36,Male,Primary,Low,3,2,1,Hausa,East,Urban,3,High
185,24,Male,Secondary,Middle,2,4,0,Igbo,East,Urban,3,Low
186,39,Male,None,Middle,3,4,1,Yoruba,West,Urban,2,High
187,44,Female,Secondary,Middle,5,1,1,Other,North,Urban,4,High
188,51,Male,Tertiary,Low,2,1,0,Hausa,North,Urban,2,High
189,20,Male,Primary,Low,3,1,0,Hausa,West,Urban,1,High
190,46,Female,Secondary,Middle,3,4,0,Yoruba,West,Urban,1,Low
191,29,Male,Secondary,Middle,4,3,1,Igbo,West,Urban,3,High
192,30,Male,None,Low,4,3,0,Yoruba,West,Urban,3,Low
193,46,Female,Secondary,Low,3,3,0,Hausa,West,Urban,5,Low
194,50,Female,Secondary,Low,3,3,0,Yoruba,East,Urban,4,Low
195,71,Female,None,Low,3,2,0,Yoruba,South,Rural,2,High
196,44,Female,Primary,High,4,5,1,Hausa,South,Urban,2,High
197,54,Female,Primary,Middle,3,4,0,Yoruba,South,Rural,3,Low
198,43,Female,Secondary,Low,2,1,0,Hausa,West,Urban,2,High
199,38,Male,Primary,Low,5,1,0,Igbo,West,Urban,3,High
200,40,Female,Tertiary,Low,4,3,0,Yoruba,East,Urban,2,Low
201,60,Female,Secondary,Middle,2,2,1,Yoruba,North,Urban,4,High
202,19,Male,Secondary,Middle,2,2,0,Igbo,North,Rural,3,High
203,42,Male,None,Middle,3,1,1,Hausa,North,Rural,2,High
204,53,Female,Primary,Middle,3,2,0,Yoruba,East,Rural,4,High
205,54,Female,None,Middle,3,2,1,Hausa,North,Rural,3,High
206,22,Male,Primary,Low,3,4,0,Other,West,Urban,3,Low
207,72,Female,None,Low,1,2,1,Hausa,South,Rural,2,High
208,49,Male,Tertiary,Middle,3,5,0,Yoruba,West,Urban,1,Low
209,26,Female,None,Low,4,1,0,Hausa,West,Urban,3,High
210,22,Male,Primary,Low,4,2,0,Yoruba,East,Urban,5,High
211,60,Male,Secondary,Middle,5,4,0,Other,South,Urban,2,Low
212,28,Female,Tertiary,High,3,2,1,Igbo,South,Rural,3,High
213,27,Female,None,Low,3,1,0,Yoruba,West,Urban,2,High
214,77,Male,Secondary,Middle,1,5,0,Hausa,East,Urban,3,Low
215,20,Female,Secondary,High,1,2,0,Hausa,West,Urban,1,High
216,73,Male,Primary,Middle,3,2,0,Yoruba,South,Urban,5,High
217,60,Female,None,Low,2,1,0,Hausa,North,Urban,3,High
218,67,Female,Primary,Middle,3,2,1,Igbo,West,Urban,4,High
219,79,Female,Secondary,Middle,3,2,1,Igbo,North,Urban,4,High
220,47,Male,Secondary,High,2,4,0,Igbo,North,Urban,2,Low
221,74,Female,None,High,3,4,0,Hausa,South,Urban,1,Low
222,73,Male,Secondary,Low,3,2,0,Yoruba,West,Urban,4,High
223,50,Male,Primary,Middle,5,3,0,Yoruba,North,Urban,3,Low
224,70,Male,Secondary,Middle,3,1,0,Yoruba,South,Urban,2,High
225,80,Female,Tertiary,High,1,2,1,Igbo,West,Rural,5,High
226,75,Female,Primary,Low,1,2,1,Hausa,East,Rural,2,High
227,46,Female,None,Low,5,2,0,Hausa,North,Urban,3,High
228,61,Male,Tertiary,Low,2,1,0,Yoruba,North,Rural,4,High
229,32,Female,Tertiary,Middle,5,5,0,Hausa,East,Rural,4,Low
230,72,Male,None,Middle,3,2,1,Yoruba,South,Urban,4,High
231,19,Female,None,Low,2,4,0,Igbo,North,Urban,3,Low
232,21,Female,Secondary,Low,4,3,1,Yoruba,East,Urban,4,High
233,75,Female,Secondary,Low,4,2,1,Yoruba,South,Urban,1,High
234,74,Male,Secondary,High,4,2,0,Hausa,North,Urban,5,High
235,35,Female,Secondary,Middle,3,3,0,Hausa,West,Rural,4,Low
236,63,Female,Tertiary,High,3,1,0,Yoruba,West,Rural,3,High
237,33,Male,Primary,Low,4,2,0,Igbo,East,Urban,2,High
238,22,Female,Primary,Middle,4,2,0,Other,West,Urban,1,High
239,19,Male,Secondary,Middle,2,3,0,Hausa,South,Rural,1,Low
240,21,Female,Secondary,Low,1,2,1,Igbo,West,Rural,2,High
241,19,Female,Secondary,Low,4,3,0,Hausa,North,Urban,1,Low
242,34,Female,Primary,Middle,5,3,1,Yoruba,South,Rural,2,High
243,35,Male,Secondary,Low,2,4,0,Yoruba,West,Urban,3,Low
244,65,Female,Primary,Middle,3,4,0,Igbo,North,Urban,3,Low
245,34,Female,Secondary,Middle,3,2,1,Hausa,West,Urban,1,High
246,33,Female,Primary,Low,4,3,0,Igbo,North,Urban,4,Low
247,29,Female,Tertiary,Middle,5,3,0,Hausa,South,Urban,3,Low
248,32,Male,Primary,Low,2,3,1,Igbo,East,Urban,3,High
249,18,Female,Secondary,Middle,4,3,0,Igbo,West,Rural,2,Low
250,33,Male,None,Low,3,1,0,Igbo,West,Rural,2,High
251,44,Male,Primary,Middle,3,1,1,Igbo,East,Rural,4,High
252,32,Female,Primary,High,4,1,0,Other,West,Rural,4,High
253,46,Female,None,Middle,2,2,1,Other,West,Rural,1,High
254,33,Female,Tertiary,Low,3,2,0,Hausa,East,Urban,3,High
255,57,Female,Secondary,Middle,4,3,0,Hausa,West,Rural,3,Low
256,56,Male,Primary,Middle,3,1,0,Igbo,East,Urban,3,High
257,35,Male,None,Low,5,2,0,Other,West,Rural,1,High
258,32,Female,Primary,Low,5,2,0,Igbo,East,Rural,5,High
259,45,Female,Primary,Low,4,1,0,Igbo,North,Urban,5,High
260,43,Male,Secondary,Low,1,4,1,Yoruba,West,Urban,3,High
261,29,Male,Secondary,Middle,1,2,0,Hausa,East,Rural,5,High
262,31,Male,None,Low,5,2,1,Igbo,South,Urban,2,High
263,27,Female,Primary,Low,2,3,0,Igbo,East,Rural,4,Low
264,52,Female,None,Low,2,4,0,Hausa,South,Rural,3,Low
265,19,Female,Primary,Low,1,1,1,Igbo,East,Urban,3,High
266,74,Male,Secondary,Middle,1,3,0,Yoruba,North,Rural,4,Low
267,60,Male,None,Middle,2,2,1,Yoruba,North,Urban,2,High
268,37,Male,Secondary,Low,5,2,0,Igbo,East,Urban,3,High
269,50,Male,Primary,Low,1,2,0,Hausa,South,Urban,3,High
270,27,Female,Secondary,Low,2,3,0,Igbo,South,Urban,5,Low
271,36,Male,Secondary,Low,5,3,0,Hausa,West,Urban,3,Low
272,32,Female,Secondary,Low,4,4,1,Yoruba,East,Urban,4,High
273,73,Male,Secondary,Middle,4,3,0,Hausa,North,Urban,3,Low
274,77,Female,Secondary,Low,1,5,1,Yoruba,East,Rural,3,High
275,41,Female,Secondary,Low,2,2,1,Hausa,East,Urban,3,High
276,56,Female,Primary,Middle,3,2,0,Other,East,Urban,3,High
277,39,Female,Primary,Low,3,3,0,Other,East,Urban,3,Low
278,73,Male,Primary,Middle,3,4,0,Yoruba,South,Urban,3,Low
279,35,Female,None,Low,2,3,0,Hausa,North,Urban,1,Low
280,27,Male,None,Middle,3,2,0,Hausa,South,Urban,5,High
281,28,Female,Tertiary,High,3,1,0,Igbo,East,Rural,3,High
282,46,Male,Tertiary,Low,4,4,0,Yoruba,West,Urban,1,Low
283,59,Female,Secondary,Low,4,3,0,Yoruba,North,Rural,4,Low
284,52,Male,Primary,Middle,4,3,0,Igbo,West,Rural,5,Low
285,32,Male,Secondary,High,5,2,0,Hausa,West,Rural,5,High
286,64,Male,Tertiary,Low,2,3,0,Yoruba,East,Urban,4,Low
287,40,Female,Secondary,Low,2,2,0,Igbo,South,Urban,3,High
288,54,Male,None,Middle,3,4,1,Igbo,South,Urban,3,High
289,49,Female,Primary,High,4,1,0,Igbo,South,Rural,5,High
290,47,Male,Primary,Middle,3,2,1,Hausa,West,Urban,4,High
291,44,Female,Secondary,Low,4,4,0,Igbo,East,Urban,3,Low
292,79,Male,Secondary,Middle,2,4,0,Yoruba,South,Rural,1,Low
293,31,Female,Secondary,Low,2,2,0,Igbo,North,Rural,1,High
294,64,Female,Primary,Middle,3,2,0,Igbo,North,Urban,3,High
295,43,Female,Primary,Low,3,2,0,Yoruba,North,Urban,3,High
296,45,Female,Primary,Middle,3,4,1,Yoruba,North,Urban,4,High
297,29,Female,Tertiary,Middle,3,4,0,Igbo,East,Urban,1,Low
298,58,Male,Tertiary,Middle,4,1,1,Hausa,South,Urban,3,High
299,27,Male,None,Middle,3,4,1,Yoruba,South,Urban,5,High
300,19,Female,None,Middle,2,2,1,Yoruba,South,Rural,2,High
301,69,Male,Secondary,Low,3,3,0,Yoruba,South,Urban,2,Low
302,30,Male,None,Middle,5,2,0,Hausa,West,Urban,3,High
303,51,Female,Primary,Middle,3,4,1,Other,North,Urban,5,High
304,27,Female,Secondary,Middle,2,1,0,Hausa,South,Urban,2,High
305,70,Female,Tertiary,High,4,2,1,Hausa,South,Urban,2,High
306,67,Male,None,Low,4,3,1,Other,East,Rural,2,High
307,71,Male,Secondary,High,3,1,0,Igbo,North,Rural,2,High
308,55,Female,None,Middle,3,3,0,Igbo,East,Rural,4,Low
309,37,Male,Secondary,Low,5,2,0,Igbo,North,Rural,3,High
310,75,Female,None,Low,3,1,0,Hausa,East,Rural,3,High
311,30,Female,Tertiary,Low,1,2,0,Hausa,North,Rural,1,High
312,45,Female,Primary,Middle,3,3,0,Hausa,South,Urban,2,Low
313,63,Female,None,Low,2,1,0,Yoruba,West,Urban,3,High
314,51,Female,Tertiary,Low,4,1,1,Yoruba,North,Urban,3,High
315,75,Female,Primary,Low,1,1,0,Hausa,West,Rural,4,High
316,50,Female,Tertiary,Low,3,4,0,Hausa,East,Urban,1,Low
317,77,Female,Secondary,High,4,1,0,Igbo,West,Rural,5,High
318,38,Male,Secondary,Middle,1,1,1,Yoruba,North,Urban,3,High
319,56,Male,Primary,Low,1,2,0,Yoruba,West,Rural,2,High
320,71,Male,None,Low,3,2,0,Hausa,South,Urban,1,High
321,48,Male,Tertiary,Middle,3,1,1,Hausa,South,Rural,2,High
322,74,Female,None,Middle,3,2,0,Hausa,West,Urban,2,High
323,48,Female,None,Middle,4,1,0,Other,North,Urban,2,High
324,21,Male,Secondary,Low,1,1,0,Igbo,East,Rural,3,High
325,50,Male,Secondary,High,2,4,0,Yoruba,South,Urban,3,Low
326,67,Female,Secondary,Middle,3,3,1,Hausa,West,Urban,2,High
327,24,Female,Primary,Middle,2,4,0,Yoruba,South,Rural,2,Low
328,45,Female,Primary,Middle,4,3,0,Igbo,North,Urban,3,Low
329,31,Male,Primary,Middle,3,4,0,Hausa,South,Rural,3,Low
330,52,Female,Tertiary,Middle,4,1,0,Yoruba,West,Urban,3,High
331,58,Male,Primary,Low,2,1,0,Yoruba,North,Rural,4,High
332,67,Male,Tertiary,Low,5,1,0,Yoruba,West,Urban,2,High
333,26,Male,Secondary,Low,3,3,0,Hausa,North,Rural,3,Low
334,20,Female,Secondary,Low,5,3,0,Yoruba,North,Rural,5,Low
335,43,Female,Primary,Low,3,2,1,Igbo,East,Urban,2,High
336,71,Male,Primary,Middle,4,2,0,Igbo,West,Urban,3,High
337,28,Male,Secondary,Low,3,5,0,Hausa,West,Urban,1,Low
338,70,Male,Tertiary,Middle,4,1,0,Igbo,East,Rural,4,High
339,55,Female,Secondary,Low,5,2,0,Other,North,Urban,4,High
340,75,Male,None,Middle,3,4,0,Hausa,East,Rural,4,Low
341,29,Male,None,Low,5,2,0,Hausa,West,Urban,5,High
342,19,Female,Primary,Low,3,1,0,Igbo,North,Rural,3,High
343,69,Male,Secondary,High,5,1,1,Yoruba,West,Rural,3,High
344,24,Male,None,Low,4,5,0,Igbo,North,Urban,3,Low
345,70,Male,Tertiary,Middle,3,2,0,Yoruba,South,Urban,1,High
346,56,Male,None,Low,4,1,0,Hausa,South,Urban,3,High
347,18,Female,Secondary,Middle,4,1,0,Igbo,West,Rural,3,High
348,76,Female,None,Low,3,2,0,Yoruba,North,Rural,5,High
349,73,Male,Primary,Low,3,2,0,Hausa,West,Urban,3,High
350,47,Male,None,Low,3,1,1,Yoruba,North,Urban,3,High
351,43,Female,Primary,Low,1,1,0,Yoruba,West,Urban,4,High
352,19,Male,Primary,Middle,3,2,0,Hausa,South,Urban,3,High
353,48,Female,Secondary,Middle,3,2,0,Igbo,East,Rural,1,High
354,41,Male,Primary,Middle,2,1,1,Hausa,North,Rural,3,High
355,59,Male,Secondary,Middle,2,3,0,Other,East,Rural,4,Low
356,64,Female,Primary,Low,2,2,0,Igbo,East,Urban,4,High
357,60,Male,Tertiary,Low,5,2,0,Yoruba,West,Urban,3,High
358,29,Male,Primary,Middle,4,4,0,Yoruba,North,Rural,5,Low
359,50,Male,Primary,Middle,4,1,0,Igbo,West,Urban,5,High
360,33,Female,Secondary,Middle,2,4,1,Other,West,Urban,2,High
361,46,Female,Primary,Low,4,3,0,Yoruba,South,Urban,5,Low
362,46,Female,None,Middle,5,1,1,Igbo,South,Rural,3,High
363,72,Male,None,Middle,4,2,0,Igbo,South,Urban,3,High
364,53,Female,None,High,5,1,0,Hausa,South,Rural,3,High
365,23,Female,None,Middle,5,1,0,Yoruba,West,Rural,2,High
366,29,Male,Secondary,Middle,3,2,1,Igbo,North,Urban,2,High
367,52,Male,Primary,Low,4,1,0,Igbo,West,Urban,5,High
368,47,Female,None,Low,4,1,0,Igbo,South,Rural,4,High
369,25,Male,Tertiary,Middle,3,2,1,Yoruba,North,Rural,3,High
370,59,Female,Secondary,Middle,1,2,0,Igbo,South,Rural,2,High
371,26,Female,Tertiary,Low,4,1,1,Igbo,South,Urban,2,High
372,68,Female,Primary,Low,5,4,0,Yoruba,North,Urban,3,Low
373,49,Male,Primary,Middle,1,3,0,Igbo,West,Urban,4,Low
374,20,Female,Secondary,Middle,5,2,0,Igbo,West,Urban,3,High
375,68,Male,None,High,3,2,0,Yoruba,East,Rural,2,High
376,43,Female,Secondary,High,4,4,1,Hausa,West,Rural,3,High
377,69,Male,Primary,Low,4,1,0,Hausa,West,Rural,3,High
378,42,Female,None,Middle,4,2,0,Igbo,East,Urban,5,High
379,68,Female,None,Low,2,2,0,Other,West,Urban,4,High
380,21,Male,Primary,Low,4,1,0,Igbo,North,Urban,3,High
381,53,Male,Secondary,High,3,1,1,Yoruba,North,Urban,5,High
382,30,Male,None,Middle,1,2,0,Igbo,East,Rural,3,High
383,30,Male,Secondary,Low,1,4,0,Yoruba,East,Rural,1,Low
384,73,Male,Secondary,Middle,3,2,0,Yoruba,North,Urban,2,High
385,36,Female,Secondary,Middle,3,2,0,Yoruba,North,Rural,2,High
386,28,Male,None,Low,5,1,0,Hausa,East,Rural,5,High
387,80,Male,Secondary,Low,4,1,0,Hausa,South,Rural,4,High
388,62,Female,Secondary,Low,1,4,1,Hausa,West,Urban,3,High
389,44,Male,Secondary,Middle,4,1,0,Yoruba,North,Urban,3,High
390,47,Female,Secondary,Middle,3,1,1,Yoruba,North,Urban,2,High
391,50,Male,Primary,Low,4,2,1,Igbo,North,Urban,4,High
392,49,Male,Primary,Middle,4,3,1,Yoruba,North,Urban,2,High
393,42,Male,Primary,Low,3,2,0,Other,North,Rural,3,High
394,36,Female,Secondary,Low,5,1,0,Other,South,Urban,1,High
395,63,Female,Primary,Middle,2,1,1,Yoruba,East,Urban,3,High
396,25,Male,Secondary,Low,4,2,1,Hausa,North,Urban,2,High
397,31,Male,Secondary,High,3,4,0,Igbo,North,Urban,2,Low
398,73,Male,Tertiary,Middle,3,2,1,Other,West,Urban,3,High
399,50,Male,Tertiary,Middle,2,2,1,Hausa,South,Urban,2,High
400,27,Female,Secondary,Middle,2,2,1,Other,East,Rural,1,High
401,79,Female,Primary,Middle,4,1,1,Yoruba,West,Urban,3,High
402,62,Female,Primary,Low,4,1,0,Igbo,East,Urban,2,High
403,26,Male,Secondary,High,3,2,0,Yoruba,South,Rural,2,High
404,31,Female,Primary,Middle,4,1,0,Yoruba,East,Urban,2,High
405,20,Male,Tertiary,Low,4,4,0,Igbo,North,Rural,3,Low
406,24,Female,Secondary,Low,4,1,1,Hausa,South,Urban,3,High
407,47,Male,Secondary,Low,3,3,0,Igbo,East,Urban,4,Low
408,62,Female,Primary,Low,3,2,0,Igbo,South,Urban,4,High
409,56,Male,Primary,Low,4,4,0,Hausa,North,Urban,5,Low
410,22,Male,None,Low,3,2,0,Hausa,West,Urban,3,High
411,50,Female,Primary,Low,1,1,1,Hausa,North,Rural,4,High
412,70,Male,Secondary,Middle,1,2,0,Igbo,South,Urban,2,High
413,48,Male,None,Middle,5,1,0,Yoruba,West,Urban,3,High
414,22,Male,Tertiary,High,3,3,1,Other,North,Rural,2,High
415,50,Female,Secondary,Low,3,5,1,Hausa,South,Rural,4,High
416,28,Female,Primary,High,5,3,1,Hausa,South,Urban,3,High
417,19,Female,Secondary,Middle,4,1,1,Hausa,North,Urban,5,High
418,28,Female,None,Low,1,2,0,Hausa,West,Urban,4,High
419,53,Male,Secondary,Low,4,1,0,Hausa,North,Urban,3,High
420,38,Female,Secondary,Low,3,1,0,Yoruba,East,Rural,1,High
421,28,Male,Primary,Middle,4,1,1,Hausa,South,Urban,3,High
422,28,Female,Secondary,Low,4,2,0,Hausa,West,Urban,3,High
423,49,Male,Secondary,Middle,1,2,0,Yoruba,East,Urban,3,High
424,73,Male,Primary,Middle,4,2,0,Hausa,East,Urban,1,High
425,61,Female,None,Middle,5,1,0,Igbo,North,Rural,4,High
426,61,Female,Secondary,Low,3,3,0,Yoruba,South,Urban,2,Low
427,34,Female,Secondary,Middle,4,3,0,Yoruba,West,Rural,4,Low
428,68,Female,Primary,Low,4,1,1,Igbo,East,Urban,3,High
429,64,Male,Primary,High,5,5,1,Igbo,North,Urban,3,High
430,46,Female,Primary,Low,5,1,0,Yoruba,South,Rural,1,High
431,38,Male,None,Middle,2,1,1,Hausa,North,Rural,2,High
432,75,Male,Secondary,Middle,2,2,0,Igbo,North,Urban,3,High
433,18,Female,Primary,Middle,2,2,0,Igbo,West,Rural,1,High
434,61,Female,Secondary,High,2,2,0,Yoruba,East,Urban,3,High
435,56,Female,Tertiary,Middle,3,1,1,Igbo,East,Rural,1,High
436,73,Male,None,Middle,5,2,0,Igbo,North,Urban,3,High
437,58,Male,Tertiary,High,5,5,1,Hausa,South,Urban,2,High
438,72,Male,Tertiary,Low,1,2,0,Yoruba,South,Rural,4,High
439,73,Female,Secondary,Middle,1,3,1,Hausa,South,Urban,3,High
440,66,Male,Tertiary,Low,3,2,0,Other,North,Rural,4,High
441,69,Male,Secondary,Middle,2,4,0,Hausa,West,Urban,5,Low
442,33,Female,Secondary,Middle,4,1,0,Yoruba,South,Urban,3,High
443,26,Female,Secondary,Low,3,4,0,Hausa,South,Urban,1,Low
444,20,Female,Tertiary,Middle,4,3,0,Hausa,North,Urban,2,Low
445,32,Female,Secondary,Low,3,1,0,Hausa,South,Urban,2,High
446,43,Female,None,Low,3,1,0,Igbo,North,Rural,1,High
447,62,Female,Primary,Middle,2,1,0,Igbo,West,Urban,3,High
448,69,Female,None,Low,3,2,0,Yoruba,South,Urban,3,High
449,28,Male,Primary,Low,2,2,1,Yoruba,East,Rural,1,High
450,58,Female,Secondary,Middle,3,4,1,Hausa,South,Urban,4,High
451,52,Male,None,Low,3,1,1,Igbo,East,Rural,2,High
452,37,Male,Tertiary,Low,5,2,0,Igbo,North,Urban,3,High
453,78,Female,Primary,Low,4,1,1,Igbo,North,Rural,2,High
454,30,Female,Tertiary,Low,3,4,0,Yoruba,South,Urban,4,Low
455,26,Male,Secondary,Low,2,4,1,Yoruba,West,Urban,5,High
456,25,Female,Tertiary,Low,5,3,1,Yoruba,North,Rural,3,High
457,76,Male,Primary,Low,4,2,1,Hausa,South,Urban,1,High
458,27,Female,Primary,High,3,1,0,Igbo,North,Rural,3,High
459,79,Male,Secondary,Low,3,1,1,Hausa,East,Urban,2,High
460,60,Female,None,Middle,3,4,0,Yoruba,South,Urban,4,Low
461,42,Male,Secondary,Low,3,2,1,Hausa,North,Rural,4,High
462,24,Female,Tertiary,Middle,2,1,1,Igbo,North,Urban,3,High
463,73,Female,Secondary,Low,4,1,1,Hausa,West,Rural,3,High
464,61,Male,Primary,Low,5,1,0,Hausa,North,Rural,5,High
465,58,Male,Primary,High,5,1,0,Hausa,East,Urban,1,High
466,49,Female,None,Low,4,5,0,Hausa,South,Urban,2,Low
467,50,Female,None,Low,5,3,0,Yoruba,South,Urban,2,Low
468,57,Female,Tertiary,Middle,2,2,1,Hausa,South,Rural,4,High
469,60,Female,Tertiary,Low,3,1,1,Hausa,East,Rural,1,High
470,28,Male,Tertiary,Low,3,4,0,Igbo,West,Urban,4,Low
471,48,Male,Primary,Low,5,3,0,Other,East,Urban,3,Low
472,76,Male,Secondary,Low,3,1,0,Yoruba,West,Urban,4,High
473,28,Male,Primary,Middle,2,3,0,Yoruba,East,Urban,3,Low
474,67,Male,Secondary,Low,3,3,0,Hausa,South,Rural,1,Low
475,25,Male,Tertiary,Middle,1,1,0,Yoruba,West,Urban,3,High
476,55,Female,None,Middle,2,2,0,Hausa,East,Urban,2,High
477,50,Male,Secondary,High,3,2,1,Igbo,South,Urban,4,High
478,40,Male,Primary,Middle,1,3,0,Hausa,West,Rural,4,Low
479,64,Female,Secondary,Low,3,3,1,Hausa,East,Rural,4,High
480,62,Female,Tertiary,Low,3,4,0,Igbo,South,Rural,5,Low
481,23,Female,Primary,Middle,3,5,0,Yoruba,South,Rural,2,Low
482,74,Male,Tertiary,Middle,2,2,0,Hausa,East,Rural,1,High
483,41,Male,Primary,Middle,1,5,0,Igbo,South,Urban,4,Low
484,18,Male,Secondary,Middle,1,1,0,Yoruba,East,Urban,3,High
485,31,Male,Tertiary,Low,3,3,0,Igbo,East,Urban,3,Low
486,40,Male,Tertiary,High,5,2,1,Yoruba,East,Rural,1,High
487,38,Female,Tertiary,Middle,4,1,1,Igbo,South,Rural,3,High
488,66,Male,Primary,Middle,3,2,0,Hausa,East,Urban,3,High
489,75,Female,Primary,High,2,1,0,Yoruba,East,Urban,3,High
490,26,Male,Tertiary,High,4,3,1,Igbo,North,Urban,4,High
491,57,Male,Secondary,Middle,3,1,0,Yoruba,West,Rural,4,High
492,51,Male,Secondary,Low,1,3,0,Igbo,North,Urban,1,Low
493,41,Male,Tertiary,Low,1,1,1,Other,East,Urban,4,High
494,71,Male,Primary,Low,4,1,0,Yoruba,West,Urban,1,High
495,42,Male,Secondary,Low,4,3,0,Igbo,South,Rural,3,Low
496,73,Male,Tertiary,Low,5,1,0,Igbo,West,Rural,4,High
497,24,Male,Primary,Middle,4,1,0,Other,West,Urban,3,High
498,22,Female,Tertiary,Middle,3,2,0,Hausa,East,Urban,3,High
499,26,Female,Primary,Low,4,1,1,Igbo,West,Urban,2,High
500,48,Female,None,Middle,3,3,0,Yoruba,South,Urban,1,Low
501,33,Male,None,Middle,4,2,0,Yoruba,East,Urban,4,High
502,31,Female,Secondary,Low,2,1,1,Igbo,West,Rural,1,High
503,20,Male,Primary,High,3,2,0,Hausa,North,Urban,3,High
504,64,Male,Primary,Low,5,1,0,Hausa,North,Rural,2,High
505,61,Male,Primary,Low,2,1,0,Yoruba,North,Urban,2,High
506,28,Male,Primary,Middle,3,3,1,Other,East,Urban,4,High
507,52,Male,None,Low,2,2,0,Yoruba,East,Urban,4,High
508,29,Male,Tertiary,High,3,4,0,Yoruba,West,Urban,3,Low
509,58,Male,Secondary,Low,4,4,0,Yoruba,South,Rural,3,Low
510,79,Female,None,Low,5,1,1,Other,East,Rural,3,High
511,51,Female,None,Low,4,1,0,Other,South,Rural,1,High
512,48,Male,Primary,Low,5,2,0,Yoruba,East,Urban,4,High
513,65,Female,Secondary,Middle,3,3,1,Yoruba,North,Rural,3,High
514,20,Female,Tertiary,Low,4,3,0,Hausa,East,Urban,3,Low
515,58,Female,Primary,High,3,3,1,Igbo,East,Urban,5,High
516,64,Female,Secondary,Middle,3,3,1,Yoruba,South,Urban,5,High
517,38,Female,Primary,Middle,4,4,1,Hausa,East,Urban,3,High
518,41,Female,None,Low,4,1,0,Yoruba,North,Rural,5,High
519,54,Female,Primary,Low,3,4,0,Hausa,South,Urban,1,Low
520,41,Female,Secondary,Low,2,3,0,Yoruba,East,Urban,4,Low
521,79,Male,Primary,Low,4,3,0,Igbo,South,Urban,3,Low
522,75,Female,Secondary,Low,4,3,1,Hausa,West,Urban,3,High
523,65,Male,Secondary,Low,4,1,1,Hausa,East,Urban,4,High
524,21,Male,Tertiary,Middle,3,1,1,Other,South,Urban,3,High
525,78,Female,Tertiary,Low,5,4,0,Yoruba,North,Urban,4,Low
526,19,Female,Tertiary,Low,3,2,0,Yoruba,East,Urban,4,High
527,37,Male,Primary,Middle,5,4,0,Igbo,West,Urban,1,Low
528,79,Female,None,Low,4,1,1,Hausa,South,Urban,4,High
529,21,Male,Secondary,Middle,4,1,0,Hausa,West,Rural,3,High
530,63,Male,Secondary,Middle,1,4,1,Hausa,West,Rural,2,High
531,28,Female,Tertiary,Middle,3,3,0,Other,South,Urban,3,Low
532,41,Male,Tertiary,Middle,4,2,0,Igbo,South,Urban,3,High
533,60,Male,None,Low,2,2,0,Yoruba,West,Rural,1,High
534,79,Female,Tertiary,Middle,4,3,0,Yoruba,West,Urban,5,Low
535,22,Male,Primary,Low,4,4,1,Hausa,South,Urban,4,High
536,35,Male,None,Low,3,4,1,Yoruba,South,Urban,3,High
537,46,Female,Secondary,High,4,2,1,Yoruba,East,Urban,4,High
538,58,Female,Primary,Middle,4,1,1,Igbo,East,Urban,3,High
539,64,Male,Tertiary,High,5,2,0,Igbo,South,Rural,2,High
540,51,Male,Primary,Low,4,1,1,Hausa,East,Urban,5,High
541,32,Female,None,Low,3,2,0,Yoruba,East,Urban,1,High
542,51,Female,None,Middle,3,2,0,Yoruba,West,Urban,4,High
543,56,Female,Secondary,Low,3,1,1,Igbo,North,Urban,5,High
544,23,Female,None,Low,4,2,0,Igbo,West,Rural,2,High
545,76,Female,Primary,Low,5,2,1,Hausa,East,Rural,3,High
546,44,Male,Primary,Middle,2,2,0,Igbo,South,Urban,1,High
547,50,Female,Primary,Middle,5,3,1,Yoruba,West,Urban,5,High
548,27,Male,Secondary,Low,4,4,0,Other,East,Urban,3,Low
549,23,Male,Primary,Middle,4,2,1,Yoruba,West,Urban,3,High
550,79,Male,Secondary,Low,4,4,1,Yoruba,South,Urban,4,High
551,69,Female,Primary,Middle,3,3,0,Hausa,East,Urban,3,Low
552,23,Female,Primary,Middle,1,2,0,Igbo,East,Urban,3,High
553,45,Female,None,Middle,4,2,0,Yoruba,South,Urban,3,High
554,76,Male,Secondary,Middle,4,5,1,Igbo,South,Rural,3,High
555,36,Male,None,High,3,2,0,Hausa,West,Urban,1,High
556,74,Male,Secondary,Middle,5,1,1,Yoruba,West,Urban,3,High
557,45,Male,Secondary,Middle,1,5,1,Hausa,North,Urban,1,High
558,45,Male,Tertiary,High,5,2,0,Other,East,Urban,3,High
559,28,Male,Primary,Middle,3,1,0,Yoruba,South,Rural,4,High
560,20,Female,Tertiary,Middle,2,1,1,Hausa,South,Rural,2,High
561,23,Female,None,Low,2,1,0,Yoruba,North,Urban,4,High
562,36,Female,Secondary,Low,2,2,1,Other,West,Rural,3,High
563,21,Male,None,Middle,3,2,0,Hausa,East,Urban,3,High
564,37,Female,Primary,Low,3,1,0,Hausa,South,Rural,5,High
565,67,Female,None,Low,1,3,1,Igbo,East,Urban,3,High
566,51,Male,None,Low,4,2,0,Hausa,North,Urban,3,High
567,68,Male,Primary,Middle,2,3,0,Igbo,East,Rural,3,Low
568,23,Female,Primary,Middle,4,3,0,Hausa,West,Urban,3,Low
569,22,Female,Secondary,Low,2,4,1,Other,South,Urban,4,High
570,19,Female,Tertiary,High,2,1,0,Hausa,North,Rural,2,High
571,57,Male,Secondary,Low,5,4,0,Hausa,West,Rural,2,Low
572,55,Female,Secondary,High,2,1,0,Yoruba,South,Urban,2,High
573,27,Female,Primary,Middle,2,5,0,Yoruba,North,Urban,3,Low
574,79,Male,None,Low,4,3,0,Igbo,North,Urban,3,Low
575,73,Male,Secondary,Middle,2,2,0,Igbo,North,Urban,3,High
576,40,Female,None,Middle,3,1,0,Yoruba,North,Urban,3,High
577,37,Female,Secondary,Low,3,1,0,Other,North,Rural,1,High
578,31,Female,None,High,5,3,1,Igbo,North,Urban,3,High
579,54,Female,Secondary,Low,4,1,0,Igbo,East,Urban,3,High
580,43,Male,Primary,Middle,3,4,1,Igbo,North,Urban,3,High
581,76,Male,Tertiary,Low,3,2,0,Yoruba,North,Rural,4,High
582,25,Female,Primary,Low,3,3,1,Yoruba,East,Urban,4,High
583,30,Female,Tertiary,Middle,2,4,0,Igbo,East,Urban,2,Low
584,49,Female,Primary,Low,3,1,1,Igbo,West,Urban,3,High
585,69,Female,Secondary,Low,1,1,0,Igbo,West,Rural,3,High
586,38,Female,Tertiary,Low,3,2,0,Igbo,South,Urban,3,High
587,73,Male,None,Low,5,1,0,Hausa,South,Rural,4,High
588,78,Male,Secondary,Middle,2,4,0,Hausa,South,Rural,4,Low
589,46,Male,Tertiary,Low,2,1,0,Yoruba,North,Urban,4,High
590,56,Female,Tertiary,High,4,1,0,Yoruba,North,Rural,4,High
591,60,Male,Primary,Low,3,3,0,Hausa,East,Rural,1,Low
592,76,Female,None,High,3,1,1,Igbo,West,Urban,5,High
593,77,Male,Primary,High,2,2,0,Yoruba,East,Urban,3,High
594,21,Male,Secondary,Middle,3,3,0,Hausa,East,Rural,2,Low
595,40,Male,Primary,Middle,4,3,0,Hausa,East,Urban,3,Low
596,79,Female,Primary,Middle,4,1,1,Other,West,Urban,3,High
597,37,Male,Tertiary,Low,3,1,0,Yoruba,North,Rural,4,High
598,33,Female,Primary,Low,3,2,1,Yoruba,West,Urban,2,High
599,51,Female,Primary,Low,3,5,0,Hausa,East,Urban,1,Low
600,51,Male,Primary,Low,4,2,0,Other,South,Rural,3,High
601,64,Male,Secondary,Low,2,3,1,Igbo,East,Urban,3,High
602,56,Female,Tertiary,Middle,3,1,0,Yoruba,West,Urban,1,High
603,64,Female,Primary,Middle,5,3,0,Other,East,Urban,3,Low
604,21,Male,Secondary,Low,3,4,1,Igbo,South,Urban,3,High
605,72,Female,Primary,Middle,2,3,0,Igbo,South,Urban,3,Low
606,26,Female,Primary,Low,3,1,0,Igbo,West,Urban,3,High
607,51,Male,None,Middle,2,5,0,Igbo,South,Urban,4,Low
608,28,Male,Primary,Low,5,5,1,Hausa,South,Urban,1,High
609,66,Male,None,Low,3,1,0,Igbo,West,Urban,5,High
610,78,Male,Tertiary,Middle,4,1,1,Yoruba,West,Urban,2,High
611,80,Male,Primary,Low,2,2,0,Yoruba,North,Urban,3,High
612,54,Female,Secondary,High,3,4,0,Hausa,South,Urban,2,Low
613,20,Male,Primary,Middle,3,2,0,Hausa,North,Urban,3,High
614,42,Female,None,Low,2,1,1,Hausa,East,Urban,3,High
615,77,Male,Secondary,Middle,3,3,1,Yoruba,North,Urban,1,High
616,47,Female,Secondary,Low,4,1,0,Hausa,South,Urban,3,High
617,79,Male,None,Low,2,3,1,Igbo,West,Urban,2,High
618,58,Male,Primary,Low,2,1,1,Igbo,South,Urban,3,High
619,35,Female,None,Middle,4,3,0,Hausa,South,Urban,5,Low
620,48,Male,Secondary,Low,4,2,1,Igbo,West,Urban,3,High
621,39,Male,Tertiary,Low,2,3,1,Igbo,East,Rural,4,High
622,76,Female,Secondary,Low,3,2,1,Yoruba,West,Urban,4,High
623,34,Male,Primary,Low,2,2,0,Igbo,North,Urban,2,High
624,25,Male,Tertiary,Middle,3,5,0,Yoruba,East,Rural,2,Low
625,66,Male,Secondary,Middle,2,2,1,Yoruba,South,Urban,3,High
626,55,Female,Secondary,Low,3,1,1,Yoruba,North,Urban,3,High
627,62,Male,Secondary,Middle,3,4,0,Igbo,North,Rural,3,Low
628,34,Female,None,Middle,2,1,0,Hausa,North,Urban,1,High
629,74,Male,None,Low,4,2,0,Igbo,East,Rural,3,High
630,68,Female,Primary,Low,3,2,0,Igbo,West,Urban,3,High
631,33,Male,Primary,Low,3,3,0,Yoruba,North,Urban,4,Low
632,25,Male,Secondary,Low,2,1,0,Hausa,North,Rural,4,High
633,71,Male,Primary,Low,1,4,1,Igbo,West,Urban,4,High
634,68,Female,None,Middle,5,3,0,Hausa,South,Urban,5,Low
635,62,Male,Tertiary,Low,2,1,1,Yoruba,East,Urban,3,High
636,22,Male,Secondary,Middle,1,2,0,Igbo,East,Rural,3,High
637,33,Female,Primary,Low,4,3,0,Yoruba,North,Rural,2,Low
638,38,Male,Tertiary,Low,3,3,0,Igbo,North,Urban,4,Low
639,36,Male,Primary,Middle,1,3,0,Igbo,West,Rural,4,Low
640,19,Female,Primary,Low,4,1,0,Igbo,East,Rural,2,High
641,61,Male,Secondary,Middle,3,1,1,Yoruba,North,Rural,3,High
642,56,Female,Primary,Low,2,1,1,Yoruba,East,Rural,1,High
643,51,Male,Secondary,Low,3,3,0,Hausa,East,Rural,3,Low
644,72,Male,Primary,Low,5,3,0,Hausa,North,Urban,4,Low
645,28,Female,None,High,4,1,1,Igbo,West,Rural,3,High
646,59,Female,Tertiary,Middle,4,2,0,Hausa,West,Urban,2,High
647,73,Female,None,Low,4,3,1,Igbo,West,Urban,3,High
648,44,Male,None,Low,2,3,1,Hausa,North,Rural,5,High
649,32,Male,None,Middle,3,2,0,Hausa,West,Urban,4,High
650,53,Female,Primary,Middle,4,1,0,Yoruba,South,Urban,2,High
651,42,Male,Tertiary,Low,3,3,1,Igbo,West,Rural,3,High
652,65,Female,None,Low,5,4,0,Yoruba,West,Rural,2,Low
653,43,Female,Secondary,Low,4,3,0,Yoruba,East,Urban,5,Low
654,53,Female,Primary,Low,3,1,1,Igbo,South,Urban,3,High
655,72,Male,Primary,Low,2,4,1,Hausa,South,Rural,2,High
656,26,Male,Primary,Low,5,1,1,Yoruba,West,Urban,1,High
657,76,Male,None,Low,4,2,0,Yoruba,South,Rural,3,High
658,23,Male,Tertiary,Low,5,3,1,Hausa,West,Urban,4,High
659,62,Male,Primary,Middle,2,1,0,Igbo,West,Urban,5,High
660,38,Male,Secondary,Low,1,3,0,Hausa,North,Urban,1,Low
661,55,Male,Primary,Low,3,5,0,Igbo,South,Rural,3,Low
662,43,Female,Secondary,Low,1,1,0,Hausa,South,Urban,4,High
663,20,Male,Tertiary,Low,2,3,0,Yoruba,West,Urban,3,Low
664,68,Male,Primary,Low,3,2,1,Yoruba,South,Urban,4,High
665,29,Female,Primary,Low,2,2,1,Igbo,West,Urban,3,High
666,69,Male,Secondary,Low,5,1,0,Yoruba,West,Urban,2,High
667,63,Female,None,Low,3,1,0,Yoruba,South,Urban,4,High
668,63,Female,None,High,3,4,0,Hausa,West,Rural,2,Low
669,62,Male,Primary,High,4,3,1,Igbo,West,Rural,3,High
670,33,Male,Primary,Low,3,1,1,Igbo,South,Rural,4,High
671,74,Female,Primary,Low,3,4,0,Igbo,East,Rural,3,Low
672,63,Male,Secondary,High,5,3,1,Hausa,East,Rural,4,High
673,21,Male,Tertiary,Middle,2,2,0,Hausa,West,Rural,3,High
674,76,Male,Secondary,Middle,3,4,0,Igbo,South,Rural,4,Low
675,77,Female,None,Low,5,2,0,Hausa,East,Rural,3,High
676,31,Female,Secondary,Middle,4,3,0,Yoruba,West,Urban,4,Low
677,36,Female,None,Low,4,3,0,Hausa,East,Urban,4,Low
678,56,Male,Secondary,Low,2,3,0,Hausa,West,Rural,3,Low
679,78,Male,Primary,Middle,2,1,0,Igbo,East,Rural,3,High
680,31,Male,None,Middle,4,2,0,Hausa,North,Rural,2,High
681,76,Male,None,High,4,4,1,Yoruba,West,Urban,4,High
682,62,Female,Primary,Low,2,3,0,Other,West,Urban,3,Low
683,20,Female,Tertiary,Low,4,1,0,Igbo,North,Rural,1,High
684,29,Female,Tertiary,Low,3,2,1,Other,North,Urban,3,High
685,52,Female,Tertiary,Low,5,2,0,Yoruba,East,Urban,3,High
686,27,Female,Tertiary,Low,5,4,0,Yoruba,North,Rural,2,Low
687,66,Female,Tertiary,Middle,2,2,1,Hausa,South,Rural,3,High
688,54,Female,Secondary,Middle,3,3,0,Yoruba,East,Rural,4,Low
689,51,Male,None,Middle,1,1,0,Other,East,Rural,2,High
690,47,Male,Secondary,Middle,1,4,0,Yoruba,West,Rural,3,Low
691,55,Male,Tertiary,Middle,5,4,1,Yoruba,South,Urban,3,High
692,50,Female,Secondary,Low,2,4,0,Yoruba,North,Rural,5,Low
693,54,Female,Secondary,Middle,4,1,1,Other,East,Urban,2,High
694,74,Female,Secondary,Low,4,1,0,Yoruba,West,Rural,2,High
695,68,Male,Primary,Middle,3,5,1,Igbo,South,Urban,3,High
696,40,Male,None,Low,4,3,1,Igbo,North,Rural,3,High
697,18,Male,Secondary,Low,3,4,1,Other,South,Urban,3,High
698,58,Male,Secondary,Low,1,4,0,Hausa,North,Rural,2,Low
699,74,Male,Primary,Middle,3,2,0,Igbo,East,Urban,1,High
700,23,Female,None,Middle,5,4,0,Yoruba,East,Rural,3,Low
701,23,Male,Primary,Low,3,4,0,Igbo,North,Rural,2,Low
702,19,Male,Tertiary,Low,3,1,0,Yoruba,West,Urban,3,High
703,20,Male,Primary,Middle,2,3,1,Yoruba,North,Urban,3,High
704,63,Male,Tertiary,Low,4,4,0,Yoruba,North,Rural,4,Low
705,42,Female,Tertiary,Low,2,2,0,Igbo,North,Urban,4,High
706,27,Female,None,Middle,3,3,0,Yoruba,North,Urban,2,Low
707,32,Male,Tertiary,Middle,5,4,0,Hausa,East,Urban,3,Low
708,49,Female,Primary,Middle,4,3,0,Other,West,Urban,4,Low
709,35,Female,Tertiary,Low,2,2,0,Hausa,West,Urban,3,High
710,65,Female,Primary,Middle,1,1,1,Other,South,Urban,2,High
711,62,Male,Primary,Low,2,1,0,Hausa,South,Urban,5,High
712,45,Female,Primary,Low,3,3,0,Igbo,West,Urban,5,Low
713,56,Female,None,Middle,5,2,0,Yoruba,South,Rural,2,High
714,22,Female,Secondary,Middle,3,2,0,Yoruba,West,Urban,1,High
715,38,Female,Secondary,Low,5,3,0,Yoruba,West,Urban,3,Low
716,60,Male,None,Middle,3,1,1,Hausa,West,Rural,3,High
717,53,Female,Secondary,Low,4,3,0,Igbo,North,Rural,2,Low
718,34,Male,Tertiary,Middle,1,5,0,Yoruba,West,Urban,3,Low
719,73,Female,Secondary,Low,3,3,1,Yoruba,South,Urban,5,High
720,57,Female,Tertiary,Middle,5,2,0,Hausa,South,Urban,4,High
721,19,Female,Tertiary,Low,4,1,0,Yoruba,East,Rural,3,High
722,25,Female,Secondary,Middle,3,3,1,Hausa,North,Urban,1,High
723,24,Female,Secondary,Middle,3,5,0,Other,South,Rural,3,Low
724,68,Female,None,High,4,2,0,Yoruba,East,Urban,4,High
725,38,Female,Primary,Middle,5,3,0,Igbo,North,Rural,4,Low
726,61,Female,None,Low,2,1,0,Yoruba,East,Urban,3,High
727,71,Male,None,Middle,5,1,0,Hausa,West,Urban,3,High
728,77,Male,Secondary,Low,3,3,0,Other,South,Rural,5,Low
729,53,Female,Tertiary,Low,4,2,0,Hausa,South,Urban,5,High
730,39,Male,Primary,Low,4,1,0,Igbo,North,Urban,2,High
731,33,Female,Primary,Middle,3,2,1,Hausa,West,Urban,3,High
732,29,Female,Primary,Middle,4,1,0,Igbo,West,Rural,4,High
733,22,Male,None,Middle,5,2,1,Yoruba,South,Rural,4,High
734,26,Male,Primary,Low,5,2,0,Hausa,South,Urban,5,High
735,29,Female,Secondary,Low,2,2,0,Hausa,East,Rural,3,High
736,26,Male,Primary,Low,1,2,0,Other,East,Rural,4,High
737,80,Female,Tertiary,Middle,4,1,0,Hausa,North,Rural,3,High
738,20,Male,Secondary,Middle,4,3,0,Hausa,West,Rural,1,Low
739,73,Male,Primary,Middle,3,1,0,Hausa,West,Rural,3,High
740,79,Female,Primary,High,3,1,1,Yoruba,South,Urban,2,High
741,52,Female,None,Middle,2,1,1,Yoruba,West,Urban,3,High
742,36,Male,Primary,Middle,1,3,0,Yoruba,West,Urban,3,Low
743,77,Male,Secondary,Middle,3,1,0,Igbo,East,Urban,2,High
744,51,Female,Tertiary,Low,3,5,0,Igbo,East,Urban,3,Low
745,73,Female,Secondary,Low,2,2,0,Igbo,South,Rural,4,High
746,64,Female,Secondary,Low,3,1,0,Yoruba,West,Rural,3,High
747,64,Male,Secondary,Middle,5,4,0,Igbo,South,Rural,1,Low
748,31,Male,Primary,Low,4,4,0,Yoruba,South,Urban,4,Low
749,47,Female,None,Middle,2,3,0,Igbo,North,Rural,3,Low
750,42,Male,Primary,Middle,4,2,0,Igbo,West,Urban,5,High
751,50,Female,Secondary,Middle,3,2,1,Hausa,North,Urban,4,High
752,47,Male,Primary,Low,5,1,1,Yoruba,East,Rural,3,High
753,45,Male,Primary,Low,2,4,1,Igbo,West,Urban,3,High
754,80,Female,Primary,Middle,4,1,0,Igbo,East,Urban,4,High
755,66,Female,Primary,Middle,4,1,0,Other,North,Urban,5,High
756,76,Female,Tertiary,High,3,4,0,Igbo,East,Urban,3,Low
757,51,Male,Secondary,Low,2,1,0,Yoruba,North,Urban,4,High
758,73,Male,None,Low,3,3,0,Yoruba,North,Rural,4,Low
759,27,Male,Secondary,Middle,2,3,1,Hausa,West,Urban,2,High
760,74,Male,None,Middle,4,1,0,Igbo,East,Rural,3,High
761,36,Female,Primary,Middle,3,2,1,Hausa,North,Rural,5,High
762,34,Female,Primary,Middle,3,3,0,Other,South,Urban,3,Low
763,53,Male,Primary,Low,2,2,0,Hausa,North,Urban,4,High
764,30,Male,Secondary,Low,4,3,0,Yoruba,East,Urban,2,Low
765,80,Male,Secondary,Low,4,2,0,Hausa,West,Rural,2,High
766,63,Male,Primary,Low,2,2,0,Other,South,Urban,3,High
767,23,Female,Secondary,Middle,3,4,1,Yoruba,North,Urban,1,High
768,37,Female,None,Low,5,1,0,Igbo,East,Urban,3,High
769,48,Female,Secondary,Low,3,2,1,Hausa,South,Urban,2,High
770,69,Male,None,Low,4,2,0,Other,West,Rural,2,High
771,38,Male,Secondary,Middle,4,1,0,Hausa,West,Urban,2,High
772,74,Female,Tertiary,Low,5,1,0,Yoruba,North,Urban,3,High
773,55,Male,Secondary,Middle,3,1,0,Hausa,East,Rural,3,High
774,35,Female,Secondary,Low,2,4,0,Hausa,West,Urban,5,Low
775,49,Male,Primary,Low,5,1,0,Igbo,South,Urban,4,High
776,70,Female,Secondary,Middle,3,2,0,Yoruba,North,Rural,3,High
777,63,Male,Tertiary,High,3,4,0,Igbo,West,Rural,3,Low
778,35,Male,Primary,Low,3,5,0,Igbo,West,Urban,3,Low
779,68,Female,Secondary,Low,2,1,1,Hausa,South,Urban,2,High
780,59,Female,Tertiary,Middle,4,4,0,Other,West,Urban,3,Low
781,74,Female,Secondary,High,4,1,0,Igbo,East,Urban,3,High
782,44,Male,None,Low,3,3,1,Igbo,West,Urban,4,High
783,39,Female,Primary,Low,3,3,0,Hausa,West,Urban,4,Low
784,30,Male,Primary,Middle,4,3,0,Hausa,East,Urban,3,Low
785,42,Female,Primary,Low,4,3,1,Hausa,East,Urban,3,High
786,29,Female,Secondary,High,3,4,0,Yoruba,South,Rural,5,Low
787,39,Female,Secondary,Low,3,5,0,Hausa,South,Urban,2,Low
788,45,Male,Primary,Middle,3,2,0,Igbo,East,Rural,2,High
789,40,Male,None,Low,3,1,0,Igbo,North,Rural,4,High
790,27,Female,Tertiary,Middle,1,2,0,Igbo,South,Urban,1,High
791,80,Female,Secondary,Middle,2,1,0,Hausa,West,Rural,5,High
792,80,Male,Secondary,Middle,2,2,0,Yoruba,South,Rural,1,High
793,65,Male,Tertiary,Low,1,4,0,Hausa,South,Urban,3,Low
794,39,Female,Secondary,Low,5,4,0,Yoruba,South,Urban,3,Low
795,64,Male,Primary,Low,5,1,0,Yoruba,South,Urban,2,High
796,53,Female,Primary,Low,4,1,0,Hausa,North,Rural,2,High
797,65,Male,Tertiary,Middle,5,3,1,Igbo,East,Urban,3,High
798,21,Male,Primary,Low,4,3,0,Yoruba,South,Urban,3,Low
799,51,Male,Tertiary,Middle,2,2,0,Yoruba,East,Urban,3,High
800,22,Female,Secondary,Low,2,1,0,Hausa,East,Urban,3,High
801,59,Female,Secondary,Low,1,1,0,Hausa,North,Rural,5,High
802,80,Male,Secondary,High,2,4,1,Hausa,North,Rural,1,High
803,43,Male,Secondary,Middle,5,1,1,Hausa,East,Rural,2,High
804,69,Female,Primary,Low,3,3,0,Other,North,Rural,4,Low
805,66,Female,Tertiary,Middle,3,1,0,Yoruba,South,Urban,3,High
806,77,Female,Tertiary,Low,4,4,0,Igbo,East,Urban,3,Low
807,59,Male,Primary,Low,3,1,1,Igbo,North,Urban,3,High
808,62,Male,Secondary,Middle,4,4,0,Hausa,West,Urban,2,Low
809,41,Male,None,Low,3,2,1,Yoruba,West,Urban,4,High
810,35,Female,Tertiary,High,3,1,0,Hausa,North,Rural,2,High
811,63,Female,Secondary,Low,3,4,0,Igbo,East,Urban,2,Low
812,76,Female,None,Middle,5,2,1,Igbo,East,Rural,2,High
813,72,Male,Tertiary,Middle,3,3,1,Igbo,East,Urban,3,High
814,70,Male,Tertiary,Low,3,4,0,Igbo,West,Urban,3,Low
815,39,Female,None,High,4,1,0,Yoruba,South,Urban,1,High
816,48,Male,Primary,Middle,3,4,1,Yoruba,East,Urban,3,High
817,77,Male,Secondary,Low,4,3,1,Hausa,South,Urban,5,High
818,21,Male,Tertiary,Low,3,1,0,Igbo,East,Urban,3,High
819,77,Male,Primary,Middle,2,1,0,Hausa,East,Rural,3,High
820,25,Male,None,Middle,3,2,0,Yoruba,West,Rural,3,High
821,75,Male,Secondary,Middle,5,1,0,Yoruba,East,Urban,3,High
822,67,Male,None,Low,1,1,0,Hausa,West,Urban,4,High
823,67,Female,Primary,Low,3,1,1,Yoruba,South,Rural,1,High
824,52,Male,Secondary,Low,2,2,0,Igbo,North,Rural,3,High
825,80,Male,Tertiary,High,3,1,0,Other,East,Rural,2,High
826,23,Female,None,Low,4,1,1,Yoruba,West,Rural,3,High
827,64,Male,Tertiary,Low,3,2,0,Yoruba,West,Urban,3,High
828,68,Female,Secondary,Low,5,4,1,Yoruba,West,Urban,2,High
829,20,Male,Primary,Low,4,3,1,Yoruba,West,Urban,1,High
830,75,Male,Primary,Middle,2,2,1,Igbo,West,Rural,2,High
831,29,Male,Primary,Low,3,3,1,Yoruba,West,Urban,4,High
832,39,Male,Primary,Middle,4,3,1,Hausa,North,Urban,4,High
833,30,Female,Primary,Low,3,2,0,Igbo,South,Urban,4,High
834,58,Male,Secondary,Low,2,2,0,Hausa,North,Urban,2,High
835,40,Male,Tertiary,Middle,5,2,0,Hausa,South,Urban,4,High
836,75,Male,None,Middle,4,3,0,Hausa,South,Urban,1,Low
837,52,Male,Primary,Middle,5,1,1,Yoruba,South,Rural,3,High
838,74,Female,Primary,Low,1,2,0,Yoruba,North,Rural,5,High
839,51,Female,Secondary,Low,4,4,1,Other,South,Urban,4,High
840,75,Female,Secondary,Low,2,2,0,Hausa,South,Urban,1,High
841,47,Male,None,Middle,5,3,1,Yoruba,South,Urban,4,High
842,68,Female,None,Middle,3,2,0,Igbo,East,Urban,3,High
843,44,Male,None,Middle,5,1,0,Other,North,Rural,3,High
844,30,Male,Secondary,Low,2,4,0,Yoruba,East,Urban,5,Low
845,49,Male,Secondary,High,2,2,0,Igbo,East,Rural,2,High
846,33,Male,Tertiary,Middle,2,2,1,Hausa,South,Urban,1,High
847,75,Female,Primary,Middle,2,2,0,Yoruba,South,Rural,3,High
848,39,Male,Primary,Middle,3,5,1,Igbo,East,Urban,2,High
849,57,Male,Tertiary,High,5,1,1,Igbo,North,Urban,3,High
850,51,Female,Primary,Low,3,1,1,Hausa,North,Urban,4,High
851,21,Male,Primary,Low,4,1,0,Hausa,East,Rural,3,High
852,72,Female,Secondary,Low,4,1,0,Igbo,East,Urban,3,High
853,20,Female,Secondary,Middle,2,3,0,Igbo,West,Rural,3,Low
854,58,Female,Secondary,Low,4,3,0,Hausa,East,Urban,2,Low
855,25,Male,Tertiary,Low,3,4,0,Yoruba,East,Rural,2,Low
856,54,Male,Primary,Middle,4,3,0,Igbo,North,Urban,3,Low
857,63,Male,Primary,Low,2,1,1,Other,East,Urban,2,High
858,55,Female,None,Middle,3,2,0,Igbo,West,Urban,3,High
859,22,Female,None,High,3,2,1,Hausa,South,Rural,3,High
860,51,Female,Primary,High,3,1,0,Hausa,West,Urban,4,High
861,19,Male,Tertiary,Low,3,2,1,Hausa,East,Rural,3,High
862,64,Female,Secondary,Low,3,3,1,Yoruba,North,Urban,3,High
863,35,Male,Secondary,Middle,3,5,1,Igbo,East,Urban,1,High
864,76,Male,None,Low,4,2,0,Hausa,East,Urban,4,High
865,66,Female,Tertiary,Low,1,3,0,Yoruba,West,Rural,2,Low
866,55,Male,Secondary,Low,1,3,0,Hausa,South,Urban,3,Low
867,55,Male,Tertiary,High,3,2,1,Igbo,North,Rural,4,High
868,60,Male,Secondary,Low,4,4,0,Yoruba,West,Rural,2,Low
869,80,Male,None,Middle,5,4,1,Igbo,North,Rural,1,High
870,33,Female,Primary,Middle,5,5,0,Yoruba,South,Urban,3,Low
871,45,Female,Secondary,High,1,3,0,Hausa,West,Urban,3,Low
872,63,Male,Primary,Low,2,1,0,Hausa,East,Rural,2,High
873,76,Male,Tertiary,High,4,1,0,Igbo,West,Rural,3,High
874,69,Male,Tertiary,Low,3,4,1,Yoruba,North,Urban,3,High
875,65,Female,Secondary,Middle,3,3,0,Yoruba,South,Urban,2,Low
876,58,Male,Primary,Middle,5,4,0,Yoruba,South,Rural,2,Low
877,36,Female,Secondary,Middle,2,3,1,Igbo,South,Urban,4,High
878,54,Male,Tertiary,Low,2,2,1,Igbo,West,Rural,2,High
879,71,Male,Primary,Middle,1,5,1,Igbo,South,Urban,4,High
880,51,Male,Primary,Middle,2,1,0,Igbo,West,Rural,5,High
881,79,Male,None,Low,4,2,1,Yoruba,South,Urban,4,High
882,22,Male,Primary,Middle,2,2,1,Hausa,West,Urban,4,High
883,50,Male,Tertiary,Low,1,2,0,Hausa,South,Rural,3,High
884,72,Male,Primary,Middle,4,5,1,Igbo,North,Urban,3,High
885,27,Male,Tertiary,Middle,4,3,0,Other,East,Urban,2,Low
886,56,Male,Secondary,Middle,4,4,0,Hausa,West,Rural,3,Low
887,23,Male,Primary,Middle,3,1,0,Yoruba,East,Urban,3,High
888,21,Male,None,Middle,4,1,0,Hausa,East,Rural,4,High
889,38,Female,Secondary,Low,3,2,0,Hausa,West,Urban,3,High
890,77,Male,Primary,Low,4,3,0,Igbo,West,Rural,4,Low
891,53,Female,Primary,Middle,4,1,0,Yoruba,South,Urban,4,High
892,47,Female,Secondary,Low,5,2,0,Other,North,Rural,3,High
893,60,Female,Primary,Middle,3,4,1,Other,West,Urban,3,High
894,55,Female,Primary,Middle,4,4,0,Hausa,East,Urban,2,Low
895,37,Female,Secondary,Low,2,2,0,Yoruba,East,Rural,4,High
896,27,Male,Primary,Middle,3,3,0,Igbo,West,Urban,5,Low
897,77,Female,Primary,Middle,5,1,0,Yoruba,North,Rural,3,High
898,42,Female,Tertiary,High,2,3,0,Igbo,North,Urban,2,Low
899,37,Male,Primary,Low,5,4,1,Hausa,South,Rural,3,High
900,18,Female,None,Middle,3,3,0,Hausa,West,Urban,2,Low
901,64,Male,Secondary,High,2,1,0,Hausa,East,Urban,1,High
902,39,Male,Tertiary,Middle,5,1,0,Hausa,West,Rural,3,High
903,54,Female,None,Low,3,3,0,Hausa,West,Rural,3,Low
904,38,Male,Primary,Middle,4,1,1,Yoruba,East,Rural,4,High
905,79,Male,None,Middle,2,5,0,Igbo,West,Rural,3,Low
906,27,Female,Primary,Low,4,2,0,Yoruba,South,Rural,3,High
907,78,Male,Primary,Low,5,2,0,Other,West,Urban,4,High
908,32,Male,Tertiary,Middle,3,2,0,Yoruba,South,Urban,4,High
909,39,Female,Secondary,Low,4,2,0,Igbo,South,Rural,3,High
910,46,Male,Primary,Low,4,2,1,Yoruba,South,Urban,2,High
911,60,Female,Secondary,Low,4,1,0,Igbo,West,Rural,3,High
912,75,Female,Tertiary,Low,5,4,1,Yoruba,North,Urban,2,High
913,59,Female,Tertiary,High,1,1,0,Yoruba,West,Rural,3,High
914,21,Male,Primary,Low,3,4,0,Yoruba,North,Urban,4,Low
915,78,Female,Tertiary,Middle,4,4,0,Yoruba,East,Urban,4,Low
916,49,Female,Primary,High,4,2,1,Hausa,East,Urban,3,High
917,42,Male,Secondary,Low,4,3,0,Igbo,West,Rural,4,Low
918,47,Male,Tertiary,Middle,4,3,1,Yoruba,East,Urban,2,High
919,18,Female,None,Low,3,1,1,Yoruba,North,Urban,3,High
920,69,Male,Primary,Low,4,3,0,Igbo,East,Urban,2,Low
921,34,Male,Secondary,Low,3,2,0,Igbo,North,Urban,3,High
922,55,Male,Tertiary,Middle,4,2,1,Hausa,North,Rural,2,High
923,51,Male,Tertiary,Middle,3,3,0,Yoruba,North,Rural,3,Low
924,37,Female,Primary,Middle,1,4,1,Hausa,East,Rural,4,High
925,64,Female,Secondary,Low,1,1,1,Hausa,East,Rural,2,High
926,33,Female,Primary,Middle,2,2,0,Hausa,North,Urban,3,High
927,38,Female,Tertiary,Middle,2,4,0,Hausa,East,Urban,1,Low
928,58,Male,None,Low,1,5,0,Igbo,East,Rural,3,Low
929,57,Male,Secondary,Middle,2,2,0,Igbo,South,Urban,3,High
930,47,Female,Primary,Middle,3,3,0,Other,West,Rural,4,Low
931,74,Male,None,Middle,4,2,0,Yoruba,South,Urban,3,High
932,46,Female,None,Middle,5,5,0,Igbo,North,Rural,3,Low
933,27,Male,None,Low,3,3,1,Igbo,East,Rural,2,High
934,77,Female,Tertiary,High,2,2,1,Hausa,South,Urban,3,High
935,39,Female,Secondary,High,2,1,0,Yoruba,West,Urban,3,High
936,45,Female,Secondary,Middle,1,1,0,Igbo,East,Urban,4,High
937,61,Male,Secondary,Middle,3,1,0,Hausa,East,Rural,3,High
938,30,Male,Tertiary,Low,5,3,0,Yoruba,West,Urban,3,Low
939,18,Female,Secondary,Middle,4,2,1,Yoruba,West,Urban,4,High
940,47,Male,Primary,High,5,3,0,Yoruba,East,Urban,3,Low
941,45,Female,None,Middle,4,1,0,Hausa,South,Rural,1,High
942,48,Male,Tertiary,Low,3,1,1,Other,South,Rural,5,High
943,63,Male,Secondary,Middle,2,3,1,Igbo,South,Urban,2,High
944,69,Female,Primary,Low,3,1,1,Igbo,North,Urban,1,High
945,41,Female,Primary,Middle,4,5,0,Hausa,South,Urban,1,Low
946,25,Female,Tertiary,High,3,3,1,Igbo,North,Urban,4,High
947,60,Male,None,Low,2,4,1,Hausa,South,Rural,3,High
948,31,Male,Secondary,Low,2,3,0,Igbo,South,Rural,3,Low
949,18,Female,Primary,Low,2,2,0,Igbo,West,Urban,3,High
950,31,Female,Tertiary,Low,4,4,0,Hausa,North,Urban,2,Low
951,29,Female,None,Middle,2,3,0,Other,North,Rural,5,Low
952,59,Female,Tertiary,Low,1,1,1,Hausa,West,Urban,5,High
953,20,Female,Secondary,Low,4,2,0,Yoruba,West,Rural,1,High
954,48,Male,Primary,Low,1,1,0,Igbo,West,Urban,1,High
955,38,Male,None,Low,4,2,1,Yoruba,North,Urban,2,High
956,57,Male,Secondary,Middle,2,2,1,Yoruba,East,Urban,2,High
957,37,Female,Primary,Low,3,3,0,Igbo,East,Urban,2,Low
958,28,Female,Tertiary,Low,5,4,0,Other,South,Urban,2,Low
959,26,Female,Secondary,Low,3,2,1,Igbo,East,Urban,4,High
960,46,Female,Tertiary,Low,1,2,0,Igbo,East,Urban,5,High
961,76,Male,Tertiary,Low,5,1,1,Igbo,West,Urban,1,High
962,46,Male,Primary,Middle,1,4,0,Other,South,Rural,2,Low
963,24,Female,Secondary,Middle,3,4,1,Hausa,East,Rural,5,High
964,44,Male,Secondary,Low,5,2,1,Yoruba,South,Urban,4,High
965,69,Male,Secondary,Middle,2,3,1,Igbo,North,Urban,4,High
966,30,Male,Primary,Low,4,3,0,Igbo,East,Rural,5,Low
967,58,Female,Tertiary,Middle,4,1,0,Igbo,South,Rural,4,High
968,21,Male,None,Middle,2,3,0,Yoruba,East,Urban,1,Low
969,56,Female,Primary,Middle,4,5,1,Yoruba,South,Rural,4,High
970,74,Male,None,Low,4,3,1,Igbo,South,Urban,4,High
971,21,Male,Primary,Middle,3,4,0,Hausa,South,Urban,5,Low
972,79,Male,None,Low,3,1,0,Yoruba,West,Rural,3,High
973,25,Female,Secondary,Middle,5,1,0,Yoruba,West,Urban,2,High
974,66,Male,Tertiary,Low,5,4,0,Other,North,Rural,2,Low
975,70,Female,None,Middle,2,4,0,Yoruba,East,Urban,5,Low
976,56,Female,Tertiary,Low,4,4,0,Hausa,North,Rural,4,Low
977,44,Female,Secondary,Middle,1,3,0,Hausa,West,Urban,3,Low
978,50,Female,None,Low,3,1,0,Hausa,West,Urban,2,High
979,75,Female,Tertiary,Low,3,3,0,Other,East,Urban,3,Low
980,53,Male,Secondary,Low,3,3,0,Yoruba,South,Urban,4,Low
981,48,Male,Secondary,Low,3,5,0,Igbo,West,Rural,3,Low
982,68,Male,None,Low,2,2,0,Igbo,West,Urban,2,High
983,19,Male,Tertiary,Low,5,2,1,Other,North,Urban,2,High
984,25,Female,Tertiary,Middle,4,2,0,Other,East,Rural,2,High
985,77,Male,Secondary,Middle,3,2,0,Yoruba,East,Urban,4,High
986,39,Female,Primary,Low,2,2,1,Igbo,West,Urban,4,High
987,56,Female,Secondary,High,3,2,1,Igbo,East,Rural,2,High
988,48,Male,None,Middle,4,4,0,Igbo,East,Rural,3,Low
989,77,Male,Primary,Low,2,3,1,Igbo,South,Urban,3,High
990,47,Male,Tertiary,Low,5,1,0,Igbo,South,Urban,2,High
991,56,Male,Secondary,Middle,3,2,1,Other,East,Urban,3,High
992,69,Male,None,Low,1,2,0,Yoruba,East,Urban,3,High
993,51,Female,Secondary,Low,4,2,1,Igbo,North,Rural,3,High
994,21,Male,Primary,Low,5,1,0,Hausa,South,Rural,4,High
995,78,Male,None,Low,3,1,0,Igbo,West,Urban,3,High
996,71,Female,Primary,Low,3,4,0,Yoruba,East,Rural,3,Low
997,65,Female,Secondary,Low,1,4,1,Hausa,South,Urban,2,High
998,63,Male,Tertiary,Middle,4,3,1,Yoruba,East,Urban,4,High
999,77,Female,Secondary,Low,5,3,0,Igbo,East,Urban,2,Low
1000,30,Female,None,Low,4,1,1,Hausa,West,Rural,3,High
